rsid,HGVSId,Rankscore,Score,Prediction
rs4537,chr8:g.143995792T>C,0.04721,-0.721551,Tolerant
rs4538,chr8:g.143994702G>A,0.94208,0.480439,Damaging
rs4538,chr8:g.143994702G>C,0.94083,0.473894,Damaging
rs4538,chr8:g.143994702G>T,0.94083,0.473894,Damaging
rs4539,chr8:g.143996539T>C,0.042,-0.73284,Tolerant
rs4544,chr8:g.143994806A>G,0.13943,-0.586811,Tolerant
rs4544,chr8:g.143994806A>T,0.23148,-0.492326,Tolerant
