rsid,HGVSId,Rankscore,Score,Prediction
rs2130336911,chr8:g.143999222G>A,0.496,1.87,Damaging
rs2130336495,chr8:g.143999099A>G,0.84121,2.91,Damaging
rs2130335208,chr8:g.143998585C>G,0.55589,2.035,Damaging
rs2130335076,chr8:g.143998540C>G,0.92336,3.46,Damaging
rs2130331124,chr8:g.143996620G>C,0.45711,1.76,Damaging
