rsid,HGVSId,Rankscore,Score,Prediction
rs4537,chr8:g.143995792T>C,0.08891,0.00179754726731219,Tolerant
rs4538,chr8:g.143994702G>A,0.0739,0.000585511307360972,Tolerant
rs4538,chr8:g.143994702G>C,0.0739,0.000585511307360972,Tolerant
rs4538,chr8:g.143994702G>T,0.0739,0.000585511307360972,Tolerant
rs4539,chr8:g.143996539T>C,0.11219,0.00644301168918173,Tolerant
rs4544,chr8:g.143994806A>G,0.10307,0.00385800859355537,Tolerant
rs4544,chr8:g.143994806A>T,0.10307,0.00385800859355537,Tolerant
