rsid,HGVSId,Rankscore,Score,Prediction
rs2125467348,chr2:g.241537392G>A,0.74766,0.999999999910677,Damaging
rs2125467329,chr2:g.241537384A>T,0.51787,0.999988976870602,Damaging
rs2125465752,chr2:g.241536265A>C,0.74766,0.999993781677393,Damaging
rs2125463547,chr2:g.241534603T>C,0.31361,0.987873190170243,Damaging
rs2125463370,chr2:g.241534468T>A,0.20596,0.457664455069764,Tolerant
