rsid,HGVSId,Coding Rankscore,CodingScore,Prediction
rs2130336911,chr8:g.143999222G>A,0.04027,0.033633,Tolerant
rs2130336495,chr8:g.143999099A>G,0.33852,0.212881,Tolerant
rs2130335208,chr8:g.143998585C>G,0.0638,0.041722,Tolerant
rs2130335076,chr8:g.143998540C>G,0.0688,0.043489,Tolerant
rs2130331124,chr8:g.143996620G>C,0.06602,0.042495,Tolerant
