rsid,HGVSId,Score,Prediction
rs2130336911,chr8:g.143999222G>A,0.54864,-2.53,Damaging
rs2130336495,chr8:g.143999099A>G,0.8191,-4.95,Damaging
rs2130335208,chr8:g.143998585C>G,0.51968,-2.35,Tolerant
rs2130335076,chr8:g.143998540C>G,0.84601,-5.33,Damaging
rs2130331124,chr8:g.143996620G>C,0.74582,-4.06,Damaging
