rsid,HGVSId,Rankscore,Score,Prediction
rs2125467348,chr2:g.241537392G>A,0.96539,3.965,Damaging
rs2125467329,chr2:g.241537384A>T,0.63091,2.23,Damaging
rs2125465752,chr2:g.241536265A>C,0.83145,2.865,Damaging
rs2125463547,chr2:g.241534603T>C,0.08564,"[0.115, 0.115]",Damaging
rs2125463370,chr2:g.241534468T>A,0.67151,"[2.34, 2.34]",Damaging
