rsid,HGVSId,Rankscore,Score,Prediction
rs2130336911,chr8:g.143999222G>A,0.63897,-0.6222,Tolerant
rs2130336495,chr8:g.143999099A>G,0.74993,-0.2997,Tolerant
rs2130335208,chr8:g.143998585C>G,0.54165,-0.8163,Tolerant
rs2130335076,chr8:g.143998540C>G,0.69865,-0.466,Tolerant
rs2130331124,chr8:g.143996620G>C,0.35816,-0.9764,Tolerant
