rsid,HGVSId,Converted Rankscore,Score,Prediction
rs2125467348,chr2:g.241537392G>A,0.72154,"[0.004, 0.004, 0.006, 0.002]",Damaging
rs2125467329,chr2:g.241537384A>T,0.56456,"[0.379, 0.393, 0.01, 0.074]",Damaging
rs2125465752,chr2:g.241536265A>C,0.308,"[0.099, 0.098]",Damaging
rs2125463547,chr2:g.241534603T>C,0.15149,"[0.371, 0.371, 0.287]",Damaging
rs2125463370,chr2:g.241534468T>A,0.50676,"[0.019, 0.02, 0.018]",Damaging
