rsid,HGVSId,Rankscore,Score,Prediction
rs2130336911,chr8:g.143999222G>A,0.56013,0.965,Damaging
rs2130336495,chr8:g.143999099A>G,0.65571,0.993,Damaging
rs2130335208,chr8:g.143998585C>G,0.3287,0.314,Tolerant
rs2130335076,chr8:g.143998540C>G,0.90584,1.0,Damaging
rs2130331124,chr8:g.143996620G>C,0.12183,0.004,Tolerant
