rsid,HGVSId,Converted Rankscore,Score,Prediction
rs2154551512,chr17:g.41256889C>A,0.49117,"[0.295, 0.207, 0.192, 0.054, 0.211, 0.232, 0.021, 0.161, 0.052, 0.127, 0.205, 0.219, 0.272, 0.182, 0.174, 0.17]",Damaging
rs2154550158,chr17:g.41256272T>A,0.91255,"[0.001, 0.0, 0.0, 0.001, 0.0, 0.002, 0.0, 0.0, 0.0, 0.0, 0.0, 0.0, 0.0, 0.0, 0.003, 0.001]",Damaging
rs2154550158,chr17:g.41256272T>C,0.7849,"[0.189, 0.002, 0.001, 0.153, 0.002, 0.16, 0.004, 0.156, 0.129, 0.004, 0.002, 0.002, 0.002, 0.001, 0.162, 0.071]",Damaging
rs2154550108,chr17:g.41256269C>A,0.72154,"[0.006, 0.003, 0.002, 0.011, 0.003, 0.004, 0.005, 0.014, 0.004, 0.006, 0.003, 0.003, 0.004, 0.002, 0.032, 0.006]",Damaging
rs2154550108,chr17:g.41256269C>G,0.42783,"[0.26, 0.228, 0.207, 0.059, 0.232, 0.038, 0.04, 0.174, 0.047, 0.189, 0.221, 0.24, 0.301, 0.197, 0.201, 0.185]",Damaging
rs2154550108,chr17:g.41256269C>T,0.3775,"[0.09, 0.077, 0.065, 0.06, 0.077, 0.186, 0.18, 0.081, 0.289, 0.104, 0.058, 0.082, 0.087, 0.068, 0.171, 0.215]",Damaging
rs2154550079,chr17:g.41256267A>G,0.91255,"[0.202, 0.01, 0.009, 0.188, 0.011, 0.34, 0.0, 0.141, 0.125, 0.022, 0.014, 0.012, 0.018, 0.005, 0.26, 0.132]",Damaging
rs2154550079,chr17:g.41256267A>T,0.7849,"[0.115, 0.043, 0.037, 0.094, 0.046, 0.193, 0.001, 0.073, 0.11, 0.054, 0.059, 0.049, 0.074, 0.025, 0.147, 0.1]",Damaging
rs2154550036,chr17:g.41256263T>A,0.91255,"[0.01, 0.0, 0.0, 0.047, 0.0, 0.02, 0.001, 0.045, 0.008, 0.001, 0.0, 0.0, 0.0, 0.0, 0.034, 0.006]",Damaging
