rsid,HGVSId,Phred Coding,Raw Coding,Raw Coding Rankscore,Prediction
rs2130336911,chr8:g.143999222G>A,1.915556,-0.186177423529278,0.3371,Damaging
rs2130336495,chr8:g.143999099A>G,3.129505,0.15971246924649,0.49272,Damaging
rs2130335208,chr8:g.143998585C>G,0.2817448,-1.12867298141508,0.06138,Tolerant
rs2130335076,chr8:g.143998540C>G,2.173098,-0.100548532270436,0.37368,Damaging
rs2130331124,chr8:g.143996620G>C,0.7793219,-0.719992019218157,0.15461,Damaging
