rsid,HGVSId,Coding Rankscore,Coding Score,Prediction
rs2130336911,chr8:g.143999222G>A,0.09381,0.03971,Tolerant
rs2130336495,chr8:g.143999099A>G,0.36067,0.73737,Damaging
rs2130335208,chr8:g.143998585C>G,0.08784,0.03572,Tolerant
rs2130335076,chr8:g.143998540C>G,0.06418,0.02198,Tolerant
rs2130331124,chr8:g.143996620G>C,0.20192,0.18273,Tolerant
