rsid,HGVSId,Rankscore,Score,Prediction
rs4537,chr8:g.143995792T>C,0.0005,-0.676518,Tolerant
rs4538,chr8:g.143994702G>A,0.88552,0.377581,Damaging
rs4538,chr8:g.143994702G>C,0.9416,0.495444,Damaging
rs4538,chr8:g.143994702G>T,0.9416,0.495444,Damaging
rs4539,chr8:g.143996539T>C,0.00013,-0.768491,Tolerant
rs4544,chr8:g.143994806A>G,0.00057,-0.66683,Tolerant
rs4544,chr8:g.143994806A>T,0.00488,-0.512246,Tolerant
