rsid,HGVSId,Rankscore,Score,Prediction
rs2130336911,chr8:g.143999222G>A,0.62655,0.523,Damaging
rs2130336495,chr8:g.143999099A>G,0.90915,0.786,Damaging
rs2130335208,chr8:g.143998585C>G,0.71988,0.591,Damaging
rs2130335076,chr8:g.143998540C>G,0.95317,0.852,Damaging
rs2130331124,chr8:g.143996620G>C,0.80089,0.663,Damaging
