rsid,HGVSId,Coding Rankscore,Coding Score,Prediction
rs2125467348,chr2:g.241537392G>A,0.73424,0.97224,Damaging
rs2125467329,chr2:g.241537384A>T,0.66708,0.95916,Damaging
rs2125465752,chr2:g.241536265A>C,0.15505,0.09841,Tolerant
rs2125463547,chr2:g.241534603T>C,0.12755,0.06733,Tolerant
rs2125463370,chr2:g.241534468T>A,0.38085,0.77456,Damaging
