rsid,HGVSId,Score,Prediction
rs2125467348,chr2:g.241537392G>A,0.63782,"[-1.89, -1.72, -2.57, -3.12]",Damaging
rs2125467329,chr2:g.241537384A>T,0.59059,"[-1.71, -1.56, -2.79, -1.53]",Damaging
rs2125465752,chr2:g.241536265A>C,0.36787,"[-1.35, -1.51]",Damaging
rs2125463547,chr2:g.241534603T>C,0.22508,"[-0.45, -0.68, -0.82]",Damaging
rs2125463370,chr2:g.241534468T>A,0.64363,"[-3.17, -3.03, -2.5]",Damaging
