rsid,HGVSId,Rankscore,Score,Prediction
rs2130336911,chr8:g.143999222G>A,0.84539,0.166888,Damaging
rs2130336495,chr8:g.143999099A>G,0.93509,0.406536,Damaging
rs2130335208,chr8:g.143998585C>G,0.83539,0.154252,Damaging
rs2130335076,chr8:g.143998540C>G,0.77494,0.101824,Damaging
rs2130331124,chr8:g.143996620G>C,0.78836,0.110831,Damaging
