rsid,HGVSId,Rankscore,Score,Prediction
rs4537,chr8:g.143995792T>C,0.16233,0.338637590408,Tolerant
rs4538,chr8:g.143994702G>A,0.68692,0.71068239212,Tolerant
rs4538,chr8:g.143994702G>C,0.5924,0.644753217697,Tolerant
rs4538,chr8:g.143994702G>T,0.5924,0.644753217697,Tolerant
rs4539,chr8:g.143996539T>C,0.1384,0.322765231133,Tolerant
rs4544,chr8:g.143994806A>G,0.5616,0.623050570488,Tolerant
rs4544,chr8:g.143994806A>T,0.61446,0.660252928734,Tolerant
