rsid,HGVSId,Rankscore,Score,Prediction
rs4537,chr8:g.143995792T>C,0.37001,0.083206,Tolerant
rs4538,chr8:g.143994702G>A,0.94011,0.775073,Damaging
rs4538,chr8:g.143994702G>C,0.93878,0.771231,Damaging
rs4538,chr8:g.143994702G>T,0.93878,0.771231,Damaging
rs4539,chr8:g.143996539T>C,0.38956,0.092208,Tolerant
rs4544,chr8:g.143994806A>G,0.36589,0.081403,Tolerant
rs4544,chr8:g.143994806A>T,0.37975,0.087593,Tolerant
