rsid,HGVSId,Converted Rankscore,Score,Prediction
rs2130336911,chr8:g.143999222G>A,0.65419,0.004,Damaging
rs2130336495,chr8:g.143999099A>G,0.72154,0.002,Damaging
rs2130335208,chr8:g.143998585C>G,0.54683,0.012,Damaging
rs2130335076,chr8:g.143998540C>G,0.91255,0.0,Damaging
rs2130331124,chr8:g.143996620G>C,0.09101,0.446,Tolerant
