rsid,HGVSId,Rankscore,Score,Prediction
rs4537,chr8:g.143995792T>C,0.09006,0.17,Damaging
rs4538,chr8:g.143994702G>A,0.92227,3.45,Damaging
rs4538,chr8:g.143994702G>C,0.92227,3.45,Damaging
rs4538,chr8:g.143994702G>T,0.92227,3.45,Damaging
rs4539,chr8:g.143996539T>C,0.10399,0.33,Damaging
rs4544,chr8:g.143994806A>G,0.0242,-0.55,Damaging
rs4544,chr8:g.143994806A>T,0.0333,-0.345,Damaging
