rsid,HGVSId,Rankscore,Score,Prediction
rs2130336911,chr8:g.143999222G>A,0.60113,0.6825124853,Damaging
rs2130336495,chr8:g.143999099A>G,0.63528,0.746119207807,Damaging
rs2130335208,chr8:g.143998585C>G,0.62077,0.718117847372,Damaging
rs2130335076,chr8:g.143998540C>G,0.70292,0.89276122916,Damaging
rs2130331124,chr8:g.143996620G>C,0.4964,0.517804415941,Damaging
