rsid,HGVSId,Converted Rankscore,Score,Prediction
rs2125467348,chr2:g.241537392G>A,0.92824,"[0.009, 0.009, 0.0, 0.008]",Damaging
rs2125467329,chr2:g.241537384A>T,0.92824,"[0.008, 0.009, 0.0, 0.008]",Damaging
rs2125465752,chr2:g.241536265A>C,0.09725,"[0.541, 0.571]",Damaging
rs2125463547,chr2:g.241534603T>C,0.27056,"[0.232, 0.227, 0.206]",Damaging
rs2125463370,chr2:g.241534468T>A,0.76473,"[0.003, 0.004, 0.007]",Damaging
