rsid,HGVSId,Rankscore,Score,Prediction
rs2130336911,chr8:g.143999222G>A,0.69044,0.319133,Tolerant
rs2130336495,chr8:g.143999099A>G,0.81037,0.482069,Tolerant
rs2130335208,chr8:g.143998585C>G,0.62781,0.256858,Tolerant
rs2130335076,chr8:g.143998540C>G,0.85466,0.564268,Damaging
rs2130331124,chr8:g.143996620G>C,0.62911,0.258004,Tolerant
