rsid,HGVSId,Rankscore,Score,Prediction
rs4537,chr8:g.143995792T>C,0.20201,0.179545507106,Tolerant
rs4538,chr8:g.143994702G>A,0.69074,0.863382039472,Damaging
rs4538,chr8:g.143994702G>C,0.72418,0.94624158914,Damaging
rs4538,chr8:g.143994702G>T,0.72418,0.94624158914,Damaging
rs4539,chr8:g.143996539T>C,0.21972,0.196219840815,Tolerant
rs4544,chr8:g.143994806A>G,0.31034,0.286386344799,Tolerant
rs4544,chr8:g.143994806A>T,0.40983,0.399629525526,Tolerant
