rsid,HGVSId,Phred Coding,Raw Coding,Raw Coding Rankscore,Prediction
rs2130336911,chr8:g.143999222G>A,1.367664,-0.40246919858495,0.24924,Damaging
rs2130336495,chr8:g.143999099A>G,2.300625,-0.0174062536867653,0.38929,Damaging
rs2130335208,chr8:g.143998585C>G,0.2390644,-1.25638788172855,0.05037,Tolerant
rs2130335076,chr8:g.143998540C>G,1.337303,-0.419575218102299,0.24422,Damaging
rs2130331124,chr8:g.143996620G>C,0.8390858,-0.742387725979444,0.15909,Damaging
