rsid,HGVSId,Converted Rankscore,Score,Prediction
rs2130336911,chr8:g.143999222G>A,0.74053,-0.82,Tolerant
rs2130336495,chr8:g.143999099A>G,0.71543,-0.59,Tolerant
rs2130335208,chr8:g.143998585C>G,0.69536,-0.42,Tolerant
rs2130335076,chr8:g.143998540C>G,0.71895,-0.62,Tolerant
rs2130331124,chr8:g.143996620G>C,0.69777,-0.44,Tolerant
