rsid,HGVSId,Rankscore,Score,Prediction
rs2130336911,chr8:g.143999222G>A,0.096,0.00265070257191238,Tolerant
rs2130336495,chr8:g.143999099A>G,0.13523,0.0236697283296087,Tolerant
rs2130335208,chr8:g.143998585C>G,0.06626,0.000346900110617591,Tolerant
rs2130335076,chr8:g.143998540C>G,0.07066,0.000462913739700734,Tolerant
rs2130331124,chr8:g.143996620G>C,0.06745,0.000377132793685642,Tolerant
