rsid,HGVSId,Converted Rankscore,Score,Prediction
rs2125467348,chr2:g.241537392G>A,0.81001,"[0.99977, 0.999982, 0.999977, 0.999977, 1.0]",Damaging
rs2125467329,chr2:g.241537384A>T,0.81001,"[0.971226, 0.809699, 0.769385, 0.769385, 1.0]",Damaging
rs2125465752,chr2:g.241536265A>C,0.08975,"[1.0, 1.0, 1.0, 1.0, 1.0]",Damaging
rs2125463547,chr2:g.241534603T>C,0.08975,"[1.0, 1.0, 1.0, 1.0, 1.0, 1.0]",Damaging
rs2125463370,chr2:g.241534468T>A,0.81001,"[0.604842, 0.604842, 0.604842, 0.604842, 1.0, 1.0]",Damaging
