rsid,HGVSId,Rankscore,Score,Prediction
rs2130336911,chr8:g.143999222G>A,0.90764,0.9982520286224824,Damaging
rs2130336495,chr8:g.143999099A>G,0.7304,0.9958117118118837,Damaging
rs2130335208,chr8:g.143998585C>G,0.56727,0.9924666373074154,Damaging
rs2130335076,chr8:g.143998540C>G,0.48235,0.9890386059968348,Damaging
rs2130331124,chr8:g.143996620G>C,0.08495,0.6790523363312821,Damaging
