rsid,HGVSId,Converted Rankscore,Score,Prediction
rs2130336911,chr8:g.143999222G>A,0.65728,0.01,Damaging
rs2130336495,chr8:g.143999099A>G,0.7415,0.004,Damaging
rs2130335208,chr8:g.143998585C>G,0.44106,0.068,Tolerant
rs2130335076,chr8:g.143998540C>G,0.79402,0.002,Damaging
rs2130331124,chr8:g.143996620G>C,0.07493,0.618,Tolerant
