rsid,HGVSId,Rankscore,Score,Prediction
rs4537,chr8:g.143995792T>C,0.02946,0.0,Tolerant
rs4538,chr8:g.143994702G>A,0.90584,1.0,Damaging
rs4538,chr8:g.143994702G>C,0.65571,0.993,Damaging
rs4538,chr8:g.143994702G>T,0.65571,0.993,Damaging
rs4539,chr8:g.143996539T>C,0.02946,0.0,Tolerant
rs4544,chr8:g.143994806A>G,0.02946,0.0,Tolerant
rs4544,chr8:g.143994806A>T,0.02946,0.0,Tolerant
