rsid,HGVSId,Rankscore,Score,Prediction
rs4537,chr8:g.143995792T>C,0.52836,0.531873083431,Tolerant
rs4538,chr8:g.143994702G>A,0.95257,0.953074770679,Damaging
rs4538,chr8:g.143994702G>C,0.9322,0.932885229948,Damaging
rs4538,chr8:g.143994702G>T,0.9322,0.932885229948,Damaging
rs4544,chr8:g.143994806A>T,0.38839,0.392239652056,Tolerant
