rsid,HGVSId,Rankscore,Score,Prediction
rs2125467348,chr2:g.241537392G>A,0.94872,"[0.949255928519, 0.949255928519, 0.949255928519, 0.949255928519]",Damaging
rs2125467329,chr2:g.241537384A>T,0.90289,"[0.903847927453, 0.903847927453, 0.903847927453, 0.903847927453]",Damaging
rs2125465752,chr2:g.241536265A>C,0.86328,"[0.864600725725, 0.864600725725]",Damaging
rs2125463547,chr2:g.241534603T>C,0.33291,"[0.336892272479, 0.336892272479, 0.336892272479]",Tolerant
rs2125463370,chr2:g.241534468T>A,0.86523,"[0.866532907638, 0.866532907638, 0.866532907638]",Damaging
