rsid,HGVSId,Rankscore,Score,Prediction
rs2130336911,chr8:g.143999222G>A,0.33737,0.723828,Tolerant
rs2130336495,chr8:g.143999099A>G,0.44691,0.80112,Tolerant
rs2130335208,chr8:g.143998585C>G,0.53996,0.854015,Damaging
rs2130335076,chr8:g.143998540C>G,0.51656,0.840916,Tolerant
rs2130331124,chr8:g.143996620G>C,0.41422,0.779722,Tolerant
