rsid,HGVSId,Rankscore,Score,Prediction
rs2130336911,chr8:g.143999222G>A,0.54345,0.706,Damaging
rs2130336495,chr8:g.143999099A>G,0.7153,0.967,Damaging
rs2130335208,chr8:g.143998585C>G,0.43788,0.378,Tolerant
rs2130335076,chr8:g.143998540C>G,0.97372,1.0,Damaging
rs2130331124,chr8:g.143996620G>C,0.19048,0.02,Tolerant
