rsid,HGVSId,Rankscore,Score,Prediction
rs4537,chr8:g.143995792T>C,0.00071,0.0037935674,Tolerant
rs4538,chr8:g.143994702G>A,0.99292,0.98863906,Damaging
rs4538,chr8:g.143994702G>C,0.99749,0.99214077,Damaging
rs4538,chr8:g.143994702G>T,0.99749,0.99214077,Damaging
rs4539,chr8:g.143996539T>C,8e-05,3.9825718e-05,Tolerant
rs4544,chr8:g.143994806A>G,0.00392,0.018127918,Tolerant
rs4544,chr8:g.143994806A>T,0.00473,0.020480663,Tolerant
