rsid,HGVSId,Rankscore,Score,Prediction
rs2154551512,chr17:g.41256889C>A,0.42412,0.397,Tolerant
rs2154550158,chr17:g.41256272T>A,0.64427,0.535,Damaging
rs2154550158,chr17:g.41256272T>C,0.32479,0.336,Tolerant
rs2154550108,chr17:g.41256269C>A,0.44381,0.409,Tolerant
rs2154550108,chr17:g.41256269C>G,0.23473,0.28,Tolerant
rs2154550108,chr17:g.41256269C>T,0.21409,0.267,Tolerant
rs2154550079,chr17:g.41256267A>G,0.52088,0.456,Tolerant
rs2154550079,chr17:g.41256267A>T,0.61293,0.514,Damaging
rs2154550036,chr17:g.41256263T>A,0.47666,0.429,Tolerant
