rsid,HGVSId,Rankscore,Score,Prediction
rs2130336911,chr8:g.143999222G>A,0.40687,-0.0739977,Tolerant
rs2130336495,chr8:g.143999099A>G,0.70218,0.160174,Damaging
rs2130335208,chr8:g.143998585C>G,0.22933,-0.185418,Tolerant
rs2130335076,chr8:g.143998540C>G,0.65916,0.115488,Damaging
rs2130331124,chr8:g.143996620G>C,0.21122,-0.197797,Tolerant
