rsid,HGVSId,Converted Rankscore,Score,Prediction
rs4537,chr8:g.143995792T>C,0.08634,0.464,Tolerant
rs4538,chr8:g.143994702G>A,0.91255,0.0,Damaging
rs4538,chr8:g.143994702G>C,0.91255,0.0,Damaging
rs4538,chr8:g.143994702G>T,0.91255,0.0,Damaging
rs4539,chr8:g.143996539T>C,0.05325,0.619,Tolerant
rs4544,chr8:g.143994806A>G,0.27663,0.122,Tolerant
rs4544,chr8:g.143994806A>T,0.34621,0.074,Tolerant
