rsid,HGVSId,Rankscore,Score,Prediction
rs2130336911,chr8:g.143999222G>A,0.56508,0.625511884689,Tolerant
rs2130336495,chr8:g.143999099A>G,0.5069,0.584295511246,Tolerant
rs2130335208,chr8:g.143998585C>G,0.35385,0.475114881992,Tolerant
rs2130335076,chr8:g.143998540C>G,0.40284,0.510438382626,Tolerant
rs2130331124,chr8:g.143996620G>C,0.28595,0.425510674715,Tolerant
