rsid,HGVSId,Rankscore,Score,Prediction
rs4537,chr8:g.143995792T>C,0.14769,0.484852,Tolerant
rs4538,chr8:g.143994702G>A,0.83128,0.955604,Damaging
rs4538,chr8:g.143994702G>C,0.65783,0.90161,Damaging
rs4538,chr8:g.143994702G>T,0.65783,0.90161,Damaging
rs4539,chr8:g.143996539T>C,0.17131,0.523548,Tolerant
rs4544,chr8:g.143994806A>G,0.00449,0.0616938,Tolerant
rs4544,chr8:g.143994806A>T,0.06851,0.328667,Tolerant
