rsid,HGVSId,Phred Coding,Raw Coding,Raw Coding Rankscore,Prediction
rs4537,chr8:g.143995792T>C,0.1592043,-1.31006451760333,0.03559,Tolerant
rs4538,chr8:g.143994702G>A,3.165049,0.168120634840653,0.49673,Damaging
rs4538,chr8:g.143994702G>C,2.90292,0.104216050319216,0.4666,Damaging
rs4538,chr8:g.143994702G>T,2.90292,0.104216050319216,0.4666,Damaging
rs4539,chr8:g.143996539T>C,0.009360647,-1.99364751998254,0.00218,Tolerant
rs4544,chr8:g.143994806A>G,0.4086161,-0.995755551510618,0.08694,Tolerant
rs4544,chr8:g.143994806A>T,0.4413613,-0.96610948516903,0.09335,Tolerant
