rsid,HGVSId,Rankscore,Score
rs2130336911,chr8:g.143999222G>A,0.3336,0.295,Tolerant
rs2130336495,chr8:g.143999099A>G,0.75101,0.752,Damaging
rs2130335208,chr8:g.143998585C>G,0.31027,0.274,Tolerant
rs2130335076,chr8:g.143998540C>G,0.68255,0.675,Damaging
rs2130331124,chr8:g.143996620G>C,0.19593,0.181,Tolerant
