rsid,HGVSId,Rankscore,Score,Prediction
rs4537,chr8:g.143995792T>C,0.17434,-1.0396,Tolerant
rs4538,chr8:g.143994702G>A,0.97885,1.0387,Damaging
rs4538,chr8:g.143994702G>C,0.98008,1.0448,Damaging
rs4538,chr8:g.143994702G>T,0.98008,1.0448,Damaging
rs4539,chr8:g.143996539T>C,0.30255,-0.9988,Tolerant
rs4544,chr8:g.143994806A>G,0.41681,-0.9458,Tolerant
rs4544,chr8:g.143994806A>T,0.33566,-0.9861,Tolerant
