rsid,HGVSId,Converted Rankscore,Score,Prediction
rs2130336911,chr8:g.143999222G>A,0.08975,1.0,Tolerant
rs2130336495,chr8:g.143999099A>G,0.58761,0.999994,Damaging
rs2130335208,chr8:g.143998585C>G,0.23204,0.99577,Tolerant
rs2130335076,chr8:g.143998540C>G,0.18612,0.999975,Tolerant
rs2130331124,chr8:g.143996620G>C,0.2093,0.999582,Tolerant
