rsid,HGVSId,Rankscore,Score,Prediction
rs2130336911,chr8:g.143999222G>A,0.61875,0.295,Tolerant
rs2130336495,chr8:g.143999099A>G,0.80889,0.538,Damaging
rs2130335208,chr8:g.143998585C>G,0.43033,0.166,Tolerant
rs2130335076,chr8:g.143998540C>G,0.70671,0.387,Tolerant
rs2130331124,chr8:g.143996620G>C,0.33375,0.118,Tolerant
