rsid,HGVSId,Rankscore,Score,Prediction
rs2130336911,chr8:g.143999222G>A,0.39883,-0.344069,Tolerant
rs2130336495,chr8:g.143999099A>G,0.69835,-0.00769807,Damaging
rs2130335208,chr8:g.143998585C>G,0.21922,-0.504116,Tolerant
rs2130335076,chr8:g.143998540C>G,0.65491,-0.0718865,Tolerant
rs2130331124,chr8:g.143996620G>C,0.20103,-0.521898,Tolerant
