rsid,HGVSId,Rankscore,Score,Prediction
rs4537,chr8:g.143995792T>C,0.02936,0.41046766677158814,Tolerant
rs4538,chr8:g.143994702G>A,0.96513,0.9989141011474542,Damaging
rs4538,chr8:g.143994702G>C,0.69346,0.995222032345126,Damaging
rs4538,chr8:g.143994702G>T,0.69346,0.995222032345126,Damaging
rs4539,chr8:g.143996539T>C,0.0232,0.36238128302073347,Tolerant
rs4544,chr8:g.143994806A>G,0.16948,0.8704302425735791,Damaging
rs4544,chr8:g.143994806A>T,0.23683,0.9374515941101327,Damaging
