rsid,HGVSId,Rankscore,Score,Prediction
rs2130336911,chr8:g.143999222G>A,0.61929,0.50795823,Damaging
rs2130336495,chr8:g.143999099A>G,0.96136,0.9664428,Damaging
rs2130335208,chr8:g.143998585C>G,0.48507,0.31027487,Tolerant
rs2130335076,chr8:g.143998540C>G,0.98187,0.98156536,Damaging
rs2130331124,chr8:g.143996620G>C,0.44758,0.27216804,Tolerant
