rsid,HGVSId,Rankscore,Score,Prediction
rs4537,chr8:g.143995792T>C,0.10176,0.039,Tolerant
rs4538,chr8:g.143994702G>A,0.95507,0.854,Damaging
rs4538,chr8:g.143994702G>C,0.95765,0.861,Damaging
rs4538,chr8:g.143994702G>T,0.95765,0.861,Damaging
rs4539,chr8:g.143996539T>C,0.0877,0.035,Tolerant
rs4544,chr8:g.143994806A>G,0.25827,0.089,Tolerant
rs4544,chr8:g.143994806A>T,0.15663,0.055,Tolerant
