rsid,HGVSId,Rankscore,Score,Prediction
rs2130336911,chr8:g.143999222G>A,0.75202,0.4006,Tolerant
rs2130336495,chr8:g.143999099A>G,0.76157,0.4142,Tolerant
rs2130335208,chr8:g.143998585C>G,0.62394,0.2538,Tolerant
rs2130335076,chr8:g.143998540C>G,0.81999,0.5186,Damaging
rs2130331124,chr8:g.143996620G>C,0.51003,0.1695,Tolerant
