rsid,HGVSId,Rankscore,Score,Prediction
rs2130336911,chr8:g.143999222G>A,0.85258,0.853988437457,Damaging
rs2130336495,chr8:g.143999099A>G,0.89989,0.900877458187,Damaging
rs2130335208,chr8:g.143998585C>G,0.48289,0.486567385682,Tolerant
rs2130335076,chr8:g.143998540C>G,0.78025,0.78227053995,Damaging
rs2130331124,chr8:g.143996620G>C,0.75403,0.756247201185,Tolerant
